*Action(SiteID=US|Country=US|Currency=USD|Version=745|CC=UTF-8),CustomLabel,*Category,StoreCategory,*Title,*ConditionID,C:Brand,C:Object Type,C:Original/Reprint,PicURL,GalleryType,*Description,*Format,*Duration,*StartPrice,*Quantity,PayPalAccepted,PayPalEmailAddress,ImmediatePayRequired,PaymentInstructions,*Location,ShippingType,ShippingService-1:Option,ShippingService-1:Cost,*DispatchTimeMax,PromotionalShippingDiscount,ShippingDiscountProfileID,*ReturnsAcceptedOption,ReturnsWithinOption,RefundOption,ShippingCostPaidByOption,AdditionalDetails,UseTaxTable,ShippingProfileName,ReturnProfileName,PaymentProfileName,C:Size,IntlShippingService-1:Option,IntlShippingService-1:Locations,IntlShippingService-1:Cost,BestOfferEnabled,AutoAccept,BestOfferAutoAcceptPrice,AutoDecline,MinimumBestOfferPrice,ShipToLocations,C:Autograph Authentication,C:Product,C:Player,C:Olympic Sport	,C:Team,C:Sport,C:League,C:Signed by,C:Industry,C:Original/Reproduction,C:Subject,C:Type,C:Theme,C:Style,C:Condition
Add,CourtneyC04022020RrpY1801,,3152810012,Courtney Cummz autographed Adult Model RP 8X10 signed Photo RP1801,1000,Unbranded,Photograph,,https://american-autographs.com/toimages//Courtney%20Cummz%2003032020%20(119)_1801.jpg|,Gallery,"<div style=""text-align: center;"">Courtney Cummz autographed Adult Model RP 8X10 signed Photo RP1801</div><meta name=""viewport"" content=""width=device-width, initial-scale=1.0""><style>img{max-width:100%}</style><div style=""text-align: center;""><br></div><div style=""text-align: center;""><br></div><div style=""text-align: center;""><br></div><div style=""text-align: center;""><br></div><div style=""text-align: center;""><img src=""https://american-autographs.com/toimages//Alison%20Rey%20_9-29-2017_0010_0080.jpg""></div><div style=""text-align: center; font-family: Arial; font-size: 14pt;""><br></div><ul style=""font-family: Arial; font-size: 14pt;""><li style=""text-align: center;""><strong>Currently up for sale is a&nbsp;high quality reproduction autographed 8x10 photo.</strong></li></ul><ul style=""font-family: Arial; font-size: 14pt;""><li style=""text-align: center;""><strong>This is not an original autographed photo, it is a copy of an authentic signed 8x10.</strong></li></ul><ul style=""font-family: Arial; font-size: 14pt;""><li style=""text-align: center;""><strong>All photos we sell are not cheap computer print outs, our photos are printed on lab quality paper.</strong></li></ul><ul style=""font-family: Arial; font-size: 14pt;""><li style=""text-align: center;""><strong>Domestic shipping and handling is 5.00 for the 1st photo won, and no additional cost per extra.</strong></li></ul><ul style=""font-family: Arial; font-size: 14pt;""><li style=""text-align: center;""><strong>International shipping and handling is 17.00 for the 1st photo won, and no additional cost per extra.</strong></li></ul><ul style=""font-family: Arial; font-size: 14pt;""><li style=""text-align: center;""><strong>If you are not happy for any reason we offer a NO questions asked 30 day money back guarantee</strong></li></ul><ul style=""font-family: Arial; font-size: 14pt;""><li style=""text-align: center;""><b>Please check out the rest of our listing for more great photos.</b></li></ul><div id=""inkfrog_crosspromo_bottom"" style=""font-family: Arial; font-size: 14pt;""><br><img src=""https://www.facebook.com/tr?id=284520783611053&amp;ev=PageView"" height=""1"" width=""1"" style=""display:none""></font></div>",,,,1,1,stali2cali@gmail.com,0,Thank you for your purchase from rpppgraphs. We will have your item out to you within 3 business day of recieving payment. Please feel free to send us an email with any additional questions. Looking for more autographs of a particular girl? Send us a message,90247,Flat,USPSFirstClass,5,1,0,1240914019,ReturnsAccepted,Days_30,MoneyBack,Seller,,,pornr,30days,PayPal,,USPSFirstClassMailInternational,Worldwide,17,,,,,,Worldwide,,,,,,,,Courtney Cummz,Movies,Reproduction,,,,,
Add,LucyT08142021CLY1670,104414.0,3152810012,Lucy Tyler autographed Model RP 8x10 Photo RP1670,1000,Unbranded,Photograph,,https://american-autographs.com/toimages//Lucy%20Tyler%20reg%20_1670.jpg|,Gallery,"<div style=""text-align: center;"">Lucy Tyler autographed Model RP 8x10 Photo RP1670</div><meta name=""viewport"" content=""width=device-width, initial-scale=1.0""><style>img{max-width:100%}</style><div style=""text-align: center;""><br></div><div style=""text-align: center;""><br></div><div style=""text-align: center;""><br></div><div style=""text-align: center;""><br></div><div style=""text-align: center;""><img src=""https://american-autographs.com/toimages//Alison%20Rey%20_9-29-2017_0010_0080.jpg""></div><div style=""text-align: center; font-family: Arial; font-size: 14pt;""><br></div><ul style=""font-family: Arial; font-size: 14pt;""><li style=""text-align: center;""><strong>Currently up for sale is a&nbsp;high quality reproduction autographed 8x10 photo.</strong></li></ul><ul style=""font-family: Arial; font-size: 14pt;""><li style=""text-align: center;""><strong>This is not an original autographed photo, it is a copy of an authentic signed 8x10.</strong></li></ul><ul style=""font-family: Arial; font-size: 14pt;""><li style=""text-align: center;""><strong>All photos we sell are not cheap computer print outs, our photos are printed on lab quality paper.</strong></li></ul><ul style=""font-family: Arial; font-size: 14pt;""><li style=""text-align: center;""><strong>Domestic shipping and handling is 5.00 for the 1st photo won, and no additional cost per extra.</strong></li></ul><ul style=""font-family: Arial; font-size: 14pt;""><li style=""text-align: center;""><strong>International shipping and handling is 17.00 for the 1st photo won, and no additional cost per extra.</strong></li></ul><ul style=""font-family: Arial; font-size: 14pt;""><li style=""text-align: center;""><strong>If you are not happy for any reason we offer a NO questions asked 30 day money back guarantee</strong></li></ul><ul style=""font-family: Arial; font-size: 14pt;""><li style=""text-align: center;""><b>Please check out the rest of our listing for more great photos.</b></li></ul><div id=""inkfrog_crosspromo_bottom"" style=""font-family: Arial; font-size: 14pt;""><br><img src=""https://www.facebook.com/tr?id=284520783611053&amp;ev=PageView"" height=""1"" width=""1"" style=""display:none""></font></div>",Auction,7,6.95,1,1,stali2cali@gmail.com,0,Thank you for your purchase from rpppgraphs. We will have your item out to you within 3 business day of recieving payment. Please feel free to send us an email with any additional questions. Looking for more autographs of a particular girl? Send us a message,90247,Flat,USPSFirstClass,5,1,0,1240914019,ReturnsAccepted,Days_30,MoneyBack,Seller,,,pornr,30days,PayPal,,USPSFirstClassMailInternational,Worldwide,17,,,,,,Worldwide,,,,,,,,Lucy Tyler,Movies,Reproduction,,,,,
Add,CarmenV2019RpAVNrY0399,262421.0,3152810012,Carmen Valentina autographed Model RP 8x10 Photo RP0399,1000,Unbranded,Photograph,,https://american-autographs.com/toimages//carmen%20valentina%20_9-29-2017_0014_0399.jpg|,Gallery,"<div style=""text-align: center;"">Carmen Valentina autographed Model RP 8x10 Photo RP0399</div><meta name=""viewport"" content=""width=device-width, initial-scale=1.0""><style>img{max-width:100%}</style><div style=""text-align: center;""><br></div><div style=""text-align: center;""><br></div><div style=""text-align: center;""><br></div><div style=""text-align: center;""><br></div><div style=""text-align: center;""><img src=""https://american-autographs.com/toimages//Alison%20Rey%20_9-29-2017_0010_0080.jpg""></div><div style=""text-align: center; font-family: Arial; font-size: 14pt;""><br></div><ul style=""font-family: Arial; font-size: 14pt;""><li style=""text-align: center;""><strong>Currently up for sale is a&nbsp;high quality reproduction autographed 8x10 photo.</strong></li></ul><ul style=""font-family: Arial; font-size: 14pt;""><li style=""text-align: center;""><strong>This is not an original autographed photo, it is a copy of an authentic signed 8x10.</strong></li></ul><ul style=""font-family: Arial; font-size: 14pt;""><li style=""text-align: center;""><strong>All photos we sell are not cheap computer print outs, our photos are printed on lab quality paper.</strong></li></ul><ul style=""font-family: Arial; font-size: 14pt;""><li style=""text-align: center;""><strong>Domestic shipping and handling is 5.00 for the 1st photo won, and no additional cost per extra.</strong></li></ul><ul style=""font-family: Arial; font-size: 14pt;""><li style=""text-align: center;""><strong>International shipping and handling is 17.00 for the 1st photo won, and no additional cost per extra.</strong></li></ul><ul style=""font-family: Arial; font-size: 14pt;""><li style=""text-align: center;""><strong>If you are not happy for any reason we offer a NO questions asked 30 day money back guarantee</strong></li></ul><ul style=""font-family: Arial; font-size: 14pt;""><li style=""text-align: center;""><b>Please check out the rest of our listing for more great photos.</b></li></ul><div id=""inkfrog_crosspromo_bottom"" style=""font-family: Arial; font-size: 14pt;""><br><img src=""https://www.facebook.com/tr?id=284520783611053&amp;ev=PageView"" height=""1"" width=""1"" style=""display:none""></font></div>",FixedPriceItem,GTC,12.95,1,1,stali2cali@gmail.com,0,Thank you for your purchase from rpppgraphs. We will have your item out to you within 3 business day of recieving payment. Please feel free to send us an email with any additional questions. Looking for more autographs of a particular girl? Send us a message,90247,Flat,USPSFirstClass,5,1,0,1240914019,ReturnsAccepted,Days_30,MoneyBack,Seller,,,pornr,30days,PayPal,,USPSFirstClassMailInternational,Worldwide,17,1,1,7,1,6.95,Worldwide,,,,,,,,Carmen Valentina,Movies,Reproduction,"Art,Glamour,Model,Nudes",8x10 photo,Nude,"Artistic Nudes,Nude",New
Add,MarRppRG54569060,262421.0,3152810012,Mary Carey autographed Model RP 8X10 Photo RP9060,1000,Unbranded,Photograph,,https://american-autographs.com/toimages//mary%20carey%209060.jpg|,Gallery,"<div style=""text-align: center;"">Mary Carey autographed Model RP 8X10 Photo RP9060</div><meta name=""viewport"" content=""width=device-width, initial-scale=1.0""><style>img{max-width:100%}</style><div style=""text-align: center;""><br></div><div style=""text-align: center;""><br></div><div style=""text-align: center;""><br></div><div style=""text-align: center;""><br></div><div style=""text-align: center;""><img src=""https://american-autographs.com/toimages//Alison%20Rey%20_9-29-2017_0010_0080.jpg""></div><div style=""text-align: center; font-family: Arial; font-size: 14pt;""><br></div><ul style=""font-family: Arial; font-size: 14pt;""><li style=""text-align: center;""><strong>Currently up for sale is a&nbsp;high quality reproduction autographed 8x10 photo.</strong></li></ul><ul style=""font-family: Arial; font-size: 14pt;""><li style=""text-align: center;""><strong>This is not an original autographed photo, it is a copy of an authentic signed 8x10.</strong></li></ul><ul style=""font-family: Arial; font-size: 14pt;""><li style=""text-align: center;""><strong>All photos we sell are not cheap computer print outs, our photos are printed on lab quality paper.</strong></li></ul><ul style=""font-family: Arial; font-size: 14pt;""><li style=""text-align: center;""><strong>Domestic shipping and handling is 5.00 for the 1st photo won, and no additional cost per extra.</strong></li></ul><ul style=""font-family: Arial; font-size: 14pt;""><li style=""text-align: center;""><strong>International shipping and handling is 17.00 for the 1st photo won, and no additional cost per extra.</strong></li></ul><ul style=""font-family: Arial; font-size: 14pt;""><li style=""text-align: center;""><strong>If you are not happy for any reason we offer a NO questions asked 30 day money back guarantee</strong></li></ul><ul style=""font-family: Arial; font-size: 14pt;""><li style=""text-align: center;""><b>Please check out the rest of our listing for more great photos.</b></li></ul><div id=""inkfrog_crosspromo_bottom"" style=""font-family: Arial; font-size: 14pt;""><br><img src=""https://www.facebook.com/tr?id=284520783611053&amp;ev=PageView"" height=""1"" width=""1"" style=""display:none""></font></div>",FixedPriceItem,GTC,12.95,1,1,stali2cali@gmail.com,0,Thank you for your purchase from rpppgraphs. We will have your item out to you within 3 business day of recieving payment. Please feel free to send us an email with any additional questions. Looking for more autographs of a particular girl? Send us a message,90247,Flat,USPSFirstClass,5,1,0,1240914019,ReturnsAccepted,Days_30,MoneyBack,Seller,,,pornr,30days,PayPal,,USPSFirstClassMailInternational,Worldwide,17,1,1,7,1,6.95,Worldwide,,,,,,,,Mary Carey,Movies,Reproduction,"Art,Glamour,Model,Nudes",8x10 photo,Nude,"Artistic Nudes,Nude",New
Add,MorganB08142021CLY2128,262421.0,3152810012,Morgan Bailey autographed Model RP 8x10 Photo RP2128,1000,Unbranded,Photograph,,https://american-autographs.com/toimages//Morgan%20Bailey%20reg%20_2128.jpg|,Gallery,"<div style=""text-align: center;"">Morgan Bailey autographed Model RP 8x10 Photo RP2128</div><meta name=""viewport"" content=""width=device-width, initial-scale=1.0""><style>img{max-width:100%}</style><div style=""text-align: center;""><br></div><div style=""text-align: center;""><br></div><div style=""text-align: center;""><br></div><div style=""text-align: center;""><br></div><div style=""text-align: center;""><img src=""https://american-autographs.com/toimages//Alison%20Rey%20_9-29-2017_0010_0080.jpg""></div><div style=""text-align: center; font-family: Arial; font-size: 14pt;""><br></div><ul style=""font-family: Arial; font-size: 14pt;""><li style=""text-align: center;""><strong>Currently up for sale is a&nbsp;high quality reproduction autographed 8x10 photo.</strong></li></ul><ul style=""font-family: Arial; font-size: 14pt;""><li style=""text-align: center;""><strong>This is not an original autographed photo, it is a copy of an authentic signed 8x10.</strong></li></ul><ul style=""font-family: Arial; font-size: 14pt;""><li style=""text-align: center;""><strong>All photos we sell are not cheap computer print outs, our photos are printed on lab quality paper.</strong></li></ul><ul style=""font-family: Arial; font-size: 14pt;""><li style=""text-align: center;""><strong>Domestic shipping and handling is 5.00 for the 1st photo won, and no additional cost per extra.</strong></li></ul><ul style=""font-family: Arial; font-size: 14pt;""><li style=""text-align: center;""><strong>International shipping and handling is 17.00 for the 1st photo won, and no additional cost per extra.</strong></li></ul><ul style=""font-family: Arial; font-size: 14pt;""><li style=""text-align: center;""><strong>If you are not happy for any reason we offer a NO questions asked 30 day money back guarantee</strong></li></ul><ul style=""font-family: Arial; font-size: 14pt;""><li style=""text-align: center;""><b>Please check out the rest of our listing for more great photos.</b></li></ul><div id=""inkfrog_crosspromo_bottom"" style=""font-family: Arial; font-size: 14pt;""><br><img src=""https://www.facebook.com/tr?id=284520783611053&amp;ev=PageView"" height=""1"" width=""1"" style=""display:none""></font></div>",FixedPriceItem,GTC,12.95,1,1,stali2cali@gmail.com,0,Thank you for your purchase from rpppgraphs. We will have your item out to you within 3 business day of recieving payment. Please feel free to send us an email with any additional questions. Looking for more autographs of a particular girl? Send us a message,90247,Flat,USPSFirstClass,5,1,0,1240914019,ReturnsAccepted,Days_30,MoneyBack,Seller,,,pornr,30days,PayPal,,USPSFirstClassMailInternational,Worldwide,17,1,1,7,1,6.95,Worldwide,,,,,,,,Morgan Bailey,Movies,Reproduction,"Art,Glamour,Model,Nudes",8x10 photo,Nude,"Artistic Nudes,Nude",New
Add,AmyR822019CY0029,262421.0,3152810012,Amy Reid autographed Model RP 8x10 Photo RP0029,1000,Unbranded,Photograph,,https://american-autographs.com/toimages//Amy%20Reid_020819_0029.jpg|,Gallery,"<div style=""text-align: center;"">Amy Reid autographed Model RP 8x10 Photo RP0029</div><meta name=""viewport"" content=""width=device-width, initial-scale=1.0""><style>img{max-width:100%}</style><div style=""text-align: center;""><br></div><div style=""text-align: center;""><br></div><div style=""text-align: center;""><br></div><div style=""text-align: center;""><br></div><div style=""text-align: center;""><img src=""https://american-autographs.com/toimages//Alison%20Rey%20_9-29-2017_0010_0080.jpg""></div><div style=""text-align: center; font-family: Arial; font-size: 14pt;""><br></div><ul style=""font-family: Arial; font-size: 14pt;""><li style=""text-align: center;""><strong>Currently up for sale is a&nbsp;high quality reproduction autographed 8x10 photo.</strong></li></ul><ul style=""font-family: Arial; font-size: 14pt;""><li style=""text-align: center;""><strong>This is not an original autographed photo, it is a copy of an authentic signed 8x10.</strong></li></ul><ul style=""font-family: Arial; font-size: 14pt;""><li style=""text-align: center;""><strong>All photos we sell are not cheap computer print outs, our photos are printed on lab quality paper.</strong></li></ul><ul style=""font-family: Arial; font-size: 14pt;""><li style=""text-align: center;""><strong>Domestic shipping and handling is 5.00 for the 1st photo won, and no additional cost per extra.</strong></li></ul><ul style=""font-family: Arial; font-size: 14pt;""><li style=""text-align: center;""><strong>International shipping and handling is 17.00 for the 1st photo won, and no additional cost per extra.</strong></li></ul><ul style=""font-family: Arial; font-size: 14pt;""><li style=""text-align: center;""><strong>If you are not happy for any reason we offer a NO questions asked 30 day money back guarantee</strong></li></ul><ul style=""font-family: Arial; font-size: 14pt;""><li style=""text-align: center;""><b>Please check out the rest of our listing for more great photos.</b></li></ul><div id=""inkfrog_crosspromo_bottom"" style=""font-family: Arial; font-size: 14pt;""><br><img src=""https://www.facebook.com/tr?id=284520783611053&amp;ev=PageView"" height=""1"" width=""1"" style=""display:none""></font></div>",FixedPriceItem,GTC,12.95,1,1,stali2cali@gmail.com,0,Thank you for your purchase from rpppgraphs. We will have your item out to you within 3 business day of recieving payment. Please feel free to send us an email with any additional questions. Looking for more autographs of a particular girl? Send us a message,90247,Flat,USPSFirstClass,5,1,0,1240914019,ReturnsAccepted,Days_30,MoneyBack,Seller,,,pornr,30days,PayPal,,USPSFirstClassMailInternational,Worldwide,17,1,1,7,1,6.95,Worldwide,,,,,,,,Amy Reid,Movies,Reproduction,"Art,Glamour,Model,Nudes",8x10 photo,Nude,"Artistic Nudes,Nude",New
Add,MileyM08142021CLY1972,,3152810012,Miley May autographed Model RP 8x10 Photo RP1972,1000,Unbranded,Photograph,,https://american-autographs.com/toimages//Miley%20May%20reg%20_1972.jpg|,Gallery,"<div style=""text-align: center;"">Miley May autographed Model RP 8x10 Photo RP1972</div><meta name=""viewport"" content=""width=device-width, initial-scale=1.0""><style>img{max-width:100%}</style><div style=""text-align: center;""><br></div><div style=""text-align: center;""><br></div><div style=""text-align: center;""><br></div><div style=""text-align: center;""><br></div><div style=""text-align: center;""><img src=""https://american-autographs.com/toimages//Alison%20Rey%20_9-29-2017_0010_0080.jpg""></div><div style=""text-align: center; font-family: Arial; font-size: 14pt;""><br></div><ul style=""font-family: Arial; font-size: 14pt;""><li style=""text-align: center;""><strong>Currently up for sale is a&nbsp;high quality reproduction autographed 8x10 photo.</strong></li></ul><ul style=""font-family: Arial; font-size: 14pt;""><li style=""text-align: center;""><strong>This is not an original autographed photo, it is a copy of an authentic signed 8x10.</strong></li></ul><ul style=""font-family: Arial; font-size: 14pt;""><li style=""text-align: center;""><strong>All photos we sell are not cheap computer print outs, our photos are printed on lab quality paper.</strong></li></ul><ul style=""font-family: Arial; font-size: 14pt;""><li style=""text-align: center;""><strong>Domestic shipping and handling is 5.00 for the 1st photo won, and no additional cost per extra.</strong></li></ul><ul style=""font-family: Arial; font-size: 14pt;""><li style=""text-align: center;""><strong>International shipping and handling is 17.00 for the 1st photo won, and no additional cost per extra.</strong></li></ul><ul style=""font-family: Arial; font-size: 14pt;""><li style=""text-align: center;""><strong>If you are not happy for any reason we offer a NO questions asked 30 day money back guarantee</strong></li></ul><ul style=""font-family: Arial; font-size: 14pt;""><li style=""text-align: center;""><b>Please check out the rest of our listing for more great photos.</b></li></ul><div id=""inkfrog_crosspromo_bottom"" style=""font-family: Arial; font-size: 14pt;""><br><img src=""https://www.facebook.com/tr?id=284520783611053&amp;ev=PageView"" height=""1"" width=""1"" style=""display:none""></font></div>",,,,1,1,stali2cali@gmail.com,0,Thank you for your purchase from rpppgraphs. We will have your item out to you within 3 business day of recieving payment. Please feel free to send us an email with any additional questions. Looking for more autographs of a particular girl? Send us a message,90247,Flat,USPSFirstClass,5,1,0,1240914019,ReturnsAccepted,Days_30,MoneyBack,Seller,,,pornr,30days,PayPal,,USPSFirstClassMailInternational,Worldwide,17,,,,,,Worldwide,,,,,,,,Miley May,Movies,Reproduction,,,,,
Add,NatassiaD04122020rrpY0226,262421.0,3152810012,Natassia Dreams autographed TS Model RP 8X10 signed Photo RP0226,1000,Unbranded,Photograph,,https://american-autographs.com/toimages//natassia%20dreams%20avn20%20_01-28-2020_0004_0226.jpg|,Gallery,"<div style=""text-align: center;"">Natassia Dreams autographed TS Model RP 8X10 signed Photo RP0226</div><meta name=""viewport"" content=""width=device-width, initial-scale=1.0""><style>img{max-width:100%}</style><div style=""text-align: center;""><br></div><div style=""text-align: center;""><br></div><div style=""text-align: center;""><br></div><div style=""text-align: center;""><br></div><div style=""text-align: center;""><img src=""https://american-autographs.com/toimages//Alison%20Rey%20_9-29-2017_0010_0080.jpg""></div><div style=""text-align: center; font-family: Arial; font-size: 14pt;""><br></div><ul style=""font-family: Arial; font-size: 14pt;""><li style=""text-align: center;""><strong>Currently up for sale is a&nbsp;high quality reproduction autographed 8x10 photo.</strong></li></ul><ul style=""font-family: Arial; font-size: 14pt;""><li style=""text-align: center;""><strong>This is not an original autographed photo, it is a copy of an authentic signed 8x10.</strong></li></ul><ul style=""font-family: Arial; font-size: 14pt;""><li style=""text-align: center;""><strong>All photos we sell are not cheap computer print outs, our photos are printed on lab quality paper.</strong></li></ul><ul style=""font-family: Arial; font-size: 14pt;""><li style=""text-align: center;""><strong>Domestic shipping and handling is 5.00 for the 1st photo won, and no additional cost per extra.</strong></li></ul><ul style=""font-family: Arial; font-size: 14pt;""><li style=""text-align: center;""><strong>International shipping and handling is 17.00 for the 1st photo won, and no additional cost per extra.</strong></li></ul><ul style=""font-family: Arial; font-size: 14pt;""><li style=""text-align: center;""><strong>If you are not happy for any reason we offer a NO questions asked 30 day money back guarantee</strong></li></ul><ul style=""font-family: Arial; font-size: 14pt;""><li style=""text-align: center;""><b>Please check out the rest of our listing for more great photos.</b></li></ul><div id=""inkfrog_crosspromo_bottom"" style=""font-family: Arial; font-size: 14pt;""><br><img src=""https://www.facebook.com/tr?id=284520783611053&amp;ev=PageView"" height=""1"" width=""1"" style=""display:none""></font></div>",FixedPriceItem,GTC,12.95,1,1,stali2cali@gmail.com,0,Thank you for your purchase from rpppgraphs. We will have your item out to you within 3 business day of recieving payment. Please feel free to send us an email with any additional questions. Looking for more autographs of a particular girl? Send us a message,90247,Flat,USPSFirstClass,5,1,0,1240914019,ReturnsAccepted,Days_30,MoneyBack,Seller,,,pornr,30days,PayPal,,USPSFirstClassMailInternational,Worldwide,17,1,1,7,1,6.95,Worldwide,,,,,,,,Natassia Dreams,Movies,Reproduction,"Art,Glamour,Model,Nudes",8x10 photo,Nude,"Artistic Nudes,Nude",New
Add,SkinD05182020RegRpgY1474,,3152810012,Skin Diamond autographed Adult Model RP 8X10 signed Photo RP1474,1000,Unbranded,Photograph,,https://american-autographs.com/toimages//Skin%20Diamond%20%20_1474.jpg|,Gallery,"<div style=""text-align: center;"">Skin Diamond autographed Adult Model RP 8X10 signed Photo RP1474</div><meta name=""viewport"" content=""width=device-width, initial-scale=1.0""><style>img{max-width:100%}</style><div style=""text-align: center;""><br></div><div style=""text-align: center;""><br></div><div style=""text-align: center;""><br></div><div style=""text-align: center;""><br></div><div style=""text-align: center;""><img src=""https://american-autographs.com/toimages//Alison%20Rey%20_9-29-2017_0010_0080.jpg""></div><div style=""text-align: center; font-family: Arial; font-size: 14pt;""><br></div><ul style=""font-family: Arial; font-size: 14pt;""><li style=""text-align: center;""><strong>Currently up for sale is a&nbsp;high quality reproduction autographed 8x10 photo.</strong></li></ul><ul style=""font-family: Arial; font-size: 14pt;""><li style=""text-align: center;""><strong>This is not an original autographed photo, it is a copy of an authentic signed 8x10.</strong></li></ul><ul style=""font-family: Arial; font-size: 14pt;""><li style=""text-align: center;""><strong>All photos we sell are not cheap computer print outs, our photos are printed on lab quality paper.</strong></li></ul><ul style=""font-family: Arial; font-size: 14pt;""><li style=""text-align: center;""><strong>Domestic shipping and handling is 5.00 for the 1st photo won, and no additional cost per extra.</strong></li></ul><ul style=""font-family: Arial; font-size: 14pt;""><li style=""text-align: center;""><strong>International shipping and handling is 17.00 for the 1st photo won, and no additional cost per extra.</strong></li></ul><ul style=""font-family: Arial; font-size: 14pt;""><li style=""text-align: center;""><strong>If you are not happy for any reason we offer a NO questions asked 30 day money back guarantee</strong></li></ul><ul style=""font-family: Arial; font-size: 14pt;""><li style=""text-align: center;""><b>Please check out the rest of our listing for more great photos.</b></li></ul><div id=""inkfrog_crosspromo_bottom"" style=""font-family: Arial; font-size: 14pt;""><br><img src=""https://www.facebook.com/tr?id=284520783611053&amp;ev=PageView"" height=""1"" width=""1"" style=""display:none""></font></div>",,,,1,1,stali2cali@gmail.com,0,Thank you for your purchase from rpppgraphs. We will have your item out to you within 3 business day of recieving payment. Please feel free to send us an email with any additional questions. Looking for more autographs of a particular girl? Send us a message,90247,Flat,USPSFirstClass,5,1,0,1240914019,ReturnsAccepted,Days_30,MoneyBack,Seller,,,pornr,30days,PayPal,,USPSFirstClassMailInternational,Worldwide,17,,,,,,Worldwide,,,,,,,,Skin Diamond,Movies,Reproduction,,,,,
